cluster_id,doc_id,tokens,ticker,rating,truth_cluster,snippet,full
1,0,371,ABC,SELL,0,We downgrade SELL on Asterion Technologies (ABC) after new product launch. Our Financials team highlights muted execution and constructive d...,"We downgrade SELL on Asterion Technologies (ABC) after new product launch. Our Financials team highlights muted execution and constructive demand. Price target 33.66. The company expects continued growth driven by product cycles and mix. We model revenue acceleration and margin expansion into next year. Management commentary indicates pricing power and disciplined opex. Valuation: shares trade at a discount to peers on EV/EBITDA and P/E. We believe multiple expansion is possible as visibility improves. Key risks include commodity prices, supply chain constraints, macro headwinds. We stress test scenarios under different cost structures. Asterion Technologies operates within the Financials sector. Our channel checks suggest demand trends that are muted. This analysis synthesizes public filings, management calls, and third-party data. Asterion Technologies operates within the Financials sector. Our channel checks suggest demand trends that are muted. This analysis synthesizes public filings, management calls, and third-party data. Asterion Technologies operates within the Financials sector. Our channel checks suggest demand trends that are muted. This analysis synthesizes public filings, management calls, and third-party data. Asterion Technologies operates within the Financials sector. Our channel checks suggest demand trends that are muted. This analysis synthesizes public filings, management calls, and third-party data. Asterion Technologies operates within the Financials sector. Our channel checks suggest demand trends that are muted. This analysis synthesizes public filings, management calls, and third-party data. Asterion Technologies operates within the Financials sector. Our channel checks suggest demand trends that are muted. This analysis synthesizes public filings, management calls, and third-party data. Asterion Technologies operates within the Financials sector. Our channel checks suggest demand trends that are muted. This analysis synthesizes public filings, management calls, and third-party data. Asterion Technologies operates within the Financials sector. Our channel checks suggest demand trends that are muted. This analysis synthesizes public filings, management calls, and third-party data. Asterion Technologies operates within the Financials sector. Our channel checks suggest demand trends that are muted. This analysis synthesizes public filings, management calls, and third-party data. This note is intended for institutional investors only. It is not investment advice. Past performance is not indicative of future results. Please see important disclosures and analyst certifications at the end of this report."
1,1,371,ABC,SELL,0,We downgrade SELL on Asterion Technologies (ABC) after new product launch. Our Financials team highlights muted execution and constructive d...,"We downgrade SELL on Asterion Technologies (ABC) after new product launch. Our Financials team highlights muted execution and constructive demand. PT 37.24. The firm projects continued expansion driven by product cycles and mix. We model revenue acceleration and profitability expansion into next year. Management commentary indicates pricing power and disciplined opex. Valuation: shares trade at a discount to peers on EV to EBITDA and P/E. We see multiple expansion is possible as visibility improves. Key risks include commodity prices, supply chain constraints, macro headwinds. We stress test scenarios under different cost structures. Asterion Technologies operates within the Financials sector. Our channel checks suggest demand trends that are muted. This analysis synthesizes public filings, management calls, and third-party data. Asterion Technologies operates within the Financials sector. Our channel checks suggest demand trends that are muted. This analysis synthesizes public filings, management calls, and third-party data. Asterion Technologies operates within the Financials sector. Our channel checks suggest demand trends that are muted. This analysis synthesizes public filings, management calls, and third-party data. Asterion Technologies operates within the Financials sector. Our channel checks suggest demand trends that are muted. This analysis synthesizes public filings, management calls, and third-party data. Asterion Technologies operates within the Financials sector. Our channel checks suggest demand trends that are muted. This analysis synthesizes public filings, management calls, and third-party data. Asterion Technologies operates within the Financials sector. Our channel checks suggest demand trends that are muted. This analysis synthesizes public filings, management calls, and third-party data. Asterion Technologies operates within the Financials sector. Our channel checks suggest demand trends that are muted. This analysis synthesizes public filings, management calls, and third-party data. Asterion Technologies operates within the Financials sector. Our channel checks suggest demand trends that are muted. This analysis synthesizes public filings, management calls, and third-party data. Asterion Technologies operates within the Financials sector. Our channel checks suggest demand trends that are muted. This analysis synthesizes public filings, management calls, and third-party data. This note is intended for institutional investors only. It is not investment advice. Past performance is not indicative of future results. Please see important disclosures and analyst certifications at the end of this report."
1,2,370,ABC,SELL,0,Asterion Technologies operates within the Financials sector. Past performance is not indicative of future results. We downgrade SELL on Aste...,"Asterion Technologies operates within the Financials sector. Past performance is not indicative of future results. We downgrade SELL on Asterion Technologies (ABC) after new product launch. Our channel checks suggest demand trends that are muted. It is not investment advice. This analysis synthesizes public filings, management calls, and third-party data. Our channel checks suggest demand trends that are muted. Key risks include commodity prices, supply chain constraints, macro headwinds. Our Financials team highlights muted execution and constructive demand. Asterion Technologies operates within the Financials sector. Asterion Technologies operates within the Financials sector. This analysis synthesizes public filings, management calls, and third-party data. Asterion Technologies operates within the Financials sector. Asterion Technologies operates within the Financials sector. Please see important disclosures and analyst certifications at the end of this report. This analysis synthesizes public filings, management calls, and third-party data. This analysis synthesizes public filings, management calls, and third-party data. PT 33.66. Our channel checks suggest demand trends that are muted. Management commentary indicates pricing power and disciplined opex. We see multiple expansion is possible as visibility improves. We stress test scenarios under different cost structures. Our channel checks suggest demand trends that are muted. Asterion Technologies operates within the Financials sector. This analysis synthesizes public filings, management calls, and third-party data. Our channel checks suggest demand trends that are muted. Asterion Technologies operates within the Financials sector. This analysis synthesizes public filings, management calls, and third-party data. Our channel checks suggest demand trends that are muted. Our channel checks suggest demand trends that are muted. This analysis synthesizes public filings, management calls, and third-party data. Asterion Technologies operates within the Financials sector. Asterion Technologies operates within the Financials sector. The business projects continued expansion driven by product cycles and mix. We forecast revenue acceleration and spread expansion into next year. Our channel checks suggest demand trends that are muted. Valuation: shares trade at a discount to peers on EV/EBITDA and P/E. Our channel checks suggest demand trends that are muted. This analysis synthesizes public filings, management calls, and third-party data. This analysis synthesizes public filings, management calls, and third-party data. This note is intended for institutional investors only."
2,3,397,HIJ,SELL,1,We upgrade SELL on Borealis Pharma (HIJ) after cost optimization program. Our Financials team highlights encouraging execution and solid dem...,"We upgrade SELL on Borealis Pharma (HIJ) after cost optimization program. Our Financials team highlights encouraging execution and solid demand. Price target 253.37. The company expects continued growth driven by product cycles and mix. We model revenue acceleration and margin expansion into next year. Management commentary indicates pricing power and disciplined opex. Valuation: shares trade at a discount to peers on EV/EBITDA and P/E. We believe multiple expansion is possible as visibility improves. Key risks include commodity prices, FX volatility, macro headwinds. We stress test scenarios under different cost structures. Borealis Pharma operates within the Financials sector. Our channel checks suggest demand trends that are encouraging. This analysis synthesizes public filings, management calls, and third-party data. Borealis Pharma operates within the Financials sector. Our channel checks suggest demand trends that are encouraging. This analysis synthesizes public filings, management calls, and third-party data. Borealis Pharma operates within the Financials sector. Our channel checks suggest demand trends that are encouraging. This analysis synthesizes public filings, management calls, and third-party data. Borealis Pharma operates within the Financials sector. Our channel checks suggest demand trends that are encouraging. This analysis synthesizes public filings, management calls, and third-party data. Borealis Pharma operates within the Financials sector. Our channel checks suggest demand trends that are encouraging. This analysis synthesizes public filings, management calls, and third-party data. Borealis Pharma operates within the Financials sector. Our channel checks suggest demand trends that are encouraging. This analysis synthesizes public filings, management calls, and third-party data. Borealis Pharma operates within the Financials sector. Our channel checks suggest demand trends that are encouraging. This analysis synthesizes public filings, management calls, and third-party data. Borealis Pharma operates within the Financials sector. Our channel checks suggest demand trends that are encouraging. This analysis synthesizes public filings, management calls, and third-party data. Borealis Pharma operates within the Financials sector. Our channel checks suggest demand trends that are encouraging. This analysis synthesizes public filings, management calls, and third-party data. Borealis Pharma operates within the Financials sector. Our channel checks suggest demand trends that are encouraging. This analysis synthesizes public filings, management calls, and third-party data. This note is intended for institutional investors only. It is not investment advice. Past performance is not indicative of future results. Please see important disclosures and analyst certifications at the end of this report."
2,4,397,HIJ,SELL,1,"This analysis synthesizes public filings, management calls, and third-party data. Our channel checks suggest demand trends that are encourag...","This analysis synthesizes public filings, management calls, and third-party data. Our channel checks suggest demand trends that are encouraging. Borealis Pharma operates within the Financials sector. We upgrade SELL on Borealis Pharma (HIJ) after cost optimization program. Our channel checks suggest demand trends that are encouraging. This analysis synthesizes public filings, management calls, and third-party data. We stress test scenarios under different cost structures. Borealis Pharma operates within the Financials sector. Our channel checks suggest demand trends that are encouraging. This note is intended for institutional investors only. Borealis Pharma operates within the Financials sector. Borealis Pharma operates within the Financials sector. Valuation: shares trade at a discount to peers on EV to EBITDA and P/E. Borealis Pharma operates within the Financials sector. Please see important disclosures and analyst certifications at the end of this report. Our channel checks suggest demand trends that are encouraging. Our channel checks suggest demand trends that are encouraging. This analysis synthesizes public filings, management calls, and third-party data. This analysis synthesizes public filings, management calls, and third-party data. We forecast revenue acceleration and margin expansion into next year. Our channel checks suggest demand trends that are encouraging. Our channel checks suggest demand trends that are encouraging. This analysis synthesizes public filings, management calls, and third-party data. Our channel checks suggest demand trends that are encouraging. Management commentary indicates pricing power and disciplined opex. PT 253.37. This analysis synthesizes public filings, management calls, and third-party data. Borealis Pharma operates within the Financials sector. This analysis synthesizes public filings, management calls, and third-party data. This analysis synthesizes public filings, management calls, and third-party data. Our channel checks suggest demand trends that are encouraging. Key risks include commodity prices, FX volatility, macro headwinds. This analysis synthesizes public filings, management calls, and third-party data. Borealis Pharma operates within the Financials sector. The company expects continued growth driven by product cycles and mix. Borealis Pharma operates within the Financials sector. We believe multiple expansion is possible as visibility improves. Borealis Pharma operates within the Financials sector. It is not investment advice. Our channel checks suggest demand trends that are encouraging. Our Financials team highlights encouraging execution and solid demand. Borealis Pharma operates within the Financials sector. Past performance is not indicative of future results. This analysis synthesizes public filings, management calls, and third-party data."
2,5,397,HIJ,SELL,1,We upgrade SELL on Borealis Pharma (HIJ) after cost optimization program. Our Financials team highlights encouraging execution and solid dem...,"We upgrade SELL on Borealis Pharma (HIJ) after cost optimization program. Our Financials team highlights encouraging execution and solid demand. Price target 253.37. The business projects continued uptick driven by product cycles and mix. We model revenue acceleration and profitability expansion into next year. Management commentary indicates pricing power and disciplined opex. Valuation: shares trade at a discount to peers on EV/EBITDA and P/E. We view multiple expansion is possible as visibility improves. Key risks include commodity prices, FX volatility, macro headwinds. We stress test scenarios under different cost structures. Borealis Pharma operates within the Financials sector. Our channel checks suggest demand trends that are encouraging. This analysis synthesizes public filings, management calls, and third-party data. Borealis Pharma operates within the Financials sector. Our channel checks suggest demand trends that are encouraging. This analysis synthesizes public filings, management calls, and third-party data. Borealis Pharma operates within the Financials sector. Our channel checks suggest demand trends that are encouraging. This analysis synthesizes public filings, management calls, and third-party data. Borealis Pharma operates within the Financials sector. Our channel checks suggest demand trends that are encouraging. This analysis synthesizes public filings, management calls, and third-party data. Borealis Pharma operates within the Financials sector. Our channel checks suggest demand trends that are encouraging. This analysis synthesizes public filings, management calls, and third-party data. Borealis Pharma operates within the Financials sector. Our channel checks suggest demand trends that are encouraging. This analysis synthesizes public filings, management calls, and third-party data. Borealis Pharma operates within the Financials sector. Our channel checks suggest demand trends that are encouraging. This analysis synthesizes public filings, management calls, and third-party data. Borealis Pharma operates within the Financials sector. Our channel checks suggest demand trends that are encouraging. This analysis synthesizes public filings, management calls, and third-party data. Borealis Pharma operates within the Financials sector. Our channel checks suggest demand trends that are encouraging. This analysis synthesizes public filings, management calls, and third-party data. Borealis Pharma operates within the Financials sector. Our channel checks suggest demand trends that are encouraging. This analysis synthesizes public filings, management calls, and third-party data. This note is intended for institutional investors only. It is not investment advice. Past performance is not indicative of future results. Please see important disclosures and analyst certifications at the end of this report."
3,6,396,OPQ,BUY,2,We downgrade BUY on Cordia Financial (OPQ) after share buyback. Our Technology team highlights solid execution and muted demand. Price targe...,"We downgrade BUY on Cordia Financial (OPQ) after share buyback. Our Technology team highlights solid execution and muted demand. Price target 103.4. The company expects continued growth driven by product cycles and mix. We model revenue acceleration and margin expansion into next year. Management commentary indicates pricing power and disciplined opex. Valuation: shares trade at a discount to peers on EV/EBITDA and P/E. We believe multiple expansion is possible as visibility improves. Key risks include execution risk, FX volatility, commodity prices. We stress test scenarios under different cost structures. Cordia Financial operates within the Technology sector. Our channel checks suggest demand trends that are solid. This analysis synthesizes public filings, management calls, and third-party data. Cordia Financial operates within the Technology sector. Our channel checks suggest demand trends that are solid. This analysis synthesizes public filings, management calls, and third-party data. Cordia Financial operates within the Technology sector. Our channel checks suggest demand trends that are solid. This analysis synthesizes public filings, management calls, and third-party data. Cordia Financial operates within the Technology sector. Our channel checks suggest demand trends that are solid. This analysis synthesizes public filings, management calls, and third-party data. Cordia Financial operates within the Technology sector. Our channel checks suggest demand trends that are solid. This analysis synthesizes public filings, management calls, and third-party data. Cordia Financial operates within the Technology sector. Our channel checks suggest demand trends that are solid. This analysis synthesizes public filings, management calls, and third-party data. Cordia Financial operates within the Technology sector. Our channel checks suggest demand trends that are solid. This analysis synthesizes public filings, management calls, and third-party data. Cordia Financial operates within the Technology sector. Our channel checks suggest demand trends that are solid. This analysis synthesizes public filings, management calls, and third-party data. Cordia Financial operates within the Technology sector. Our channel checks suggest demand trends that are solid. This analysis synthesizes public filings, management calls, and third-party data. Cordia Financial operates within the Technology sector. Our channel checks suggest demand trends that are solid. This analysis synthesizes public filings, management calls, and third-party data. This note is intended for institutional investors only. It is not investment advice. Past performance is not indicative of future results. Please see important disclosures and analyst certifications at the end of this report."
3,7,397,OPQ,HOLD,2,We downgrade HOLD on Cordia Financial (OPQ) after share buyback. Our Technology team highlights solid execution and muted demand. Price targ...,"We downgrade HOLD on Cordia Financial (OPQ) after share buyback. Our Technology team highlights solid execution and muted demand. Price target 103.4. The business projects continued increase driven by product cycles and mix. We model revenue acceleration and profitability expansion nto next year. Management commentary indicates pricing power and disciplined opex. Valuation: shares trade at a discount to peers on EV to EBITDA and P/E. We see multiple expansion is possible as visibility improves. Key rsks include execution risk, FX volatility, commodity prices. We stress test scenarios under different cost structures. Cordia Financial operates within the Technology sector. Our channel checks suggest demand trends that are solid. This analysis synthesizes public filings, management calls, and third-party data. Cordia Financial operates within the Technology sector. Our channel checks suggest demand trends that are solid. This analysis synthesizes public filings, management calls, and third-party data. Cordia Financial operates within the Technology sector. Our channel checks suggst demand trends that are solid. This analysis synthesizes public filings, management calls, and third-party data. Cordia Financial operates within the Technology sector. Our channel checks suggest demand trends that are solid. This analysis synthesizes public filings, management calls, and third-party data. Cordia Financial operates within the Technology sector. Our channel checks suggest demand trends that are solid. Thi analysis synthesizes public filings, management calls, and third-party data. Cordia Financial operates within the Technology sector. Our channel checks suggest demand trends that are soliid. This analysis synthesizes public filings, management calls, and third-party data. Cordia Financial operates within the Technology sector. Our channel checks suggest demand trends that are solid. This analysis synthesizes public filings, management calls, and third-party data. Cordia Financial operates within the Technology sector. Our channel checks suggest demand trends that are solid. This analysis synthesizes public filings, management calls, and third-party data. Cordia Financial ooperates within the Technology sector. Our channel checks suggest demand trends that are solid. This analysis synthesizes public filings, management calls, and third-party data. Cordia Financial operates within the Technology sector. Our channel checks suggest demand trends that are solid. This analysis synthesizes public filings, management calls, and third-party data. This note is intended for institutional investors only. It is not investment advice. Past performance is not indicative of future results. Please see important disclosures and analyst certifications at the end of this report."
3,8,396,OPQ,HOLD,2,We downgrade HOLD on Cordia Financial (OPQ) after share buyback. Our Technology team highlights solid execution nd muted demand. Price targe...,"We downgrade HOLD on Cordia Financial (OPQ) after share buyback. Our Technology team highlights solid execution nd muted demand. Price target 103.4. The company expects continued growth driven by product cycles and mix. We model revenue acceleration and margin expansion into next year. Management commentary indicates picing power and disciplined opex. Valuation: shares trade at a discount to peers on EV/EBITDA and P/E. We believe multiple expansion is possible as visibility improves. Key risks include execution risk, FX volatility, commodity prices. We stress test scenarios under different cost structures. Cordia Financial operates within the Technology sector. Our channel checks suggest demand trends that are solid. This analysis synthesizes public filings, management calls, and third-party data. Cordia Financial operates within the Technology sector. Our channel chcks suggest demand trends that are solid. This analysis synthesizes public filings, management calls, and thhird-party data. Cordia Financial operates within the Technology sector. Our channel checks suggest demand trends that are solid. This analysis synthesizes public filings, management calls, and third-party data. Cordia Financial operates within the Technology sector. Our channel checks suggest demand trends that are solid. This analysis synthesizes public filings, management calls, and third-party data. Cordia Financial operates within the Technology sector. Our channel checks suggest demand trends that are solid. This analyis synthesizes public filings, management calls, and third-party data. Cordia Financial operates within the Technology sector. Our channel checks suggest demand trends thatt are solid. This analysis synthesizes public filings, management calls, and third-party data. Cordia Financial operates within the Technology sector. Our channel checks suggest demand trends that are solid. This analysis synthesizes public filings, management calls, and third-party data. Cordia Financial operates within the Technology sector. Our channel checks suggest demand trends that are solid. This analysis synthesizes public filings, management calls, and third-party data. Cordia Financial operates within the Technology sector. Our channel checks suggest demand trends that are solid. This analysis synthesizes public filings, management calls, and third-party data. Cordia Financial operates within the Technology sector. Our channel checks suggest demand trends that are solid. This analysis synthesizes public filings, management calls, and third-party data. This note is intended for institutional investors only. Itt is not investment advice. Past performance is not indicative of future results. Please see important disclosures and analyst certifications at the end of this report."
4,9,398,VWX,BUY,3,We maintain BUY on Deltabyte Energy (VWX) after pricing power sustained. Our Financials team highlights solid execution and encouraging dema...,"We maintain BUY on Deltabyte Energy (VWX) after pricing power sustained. Our Financials team highlights solid execution and encouraging demand. Price target 498.78. The company expects continued growth driven by product cycles and mix. We model revenue acceleration and margin expansion into next year. Management commentary indicates pricing power and disciplined opex. Valuation: shares trade at a discount to peers on EV/EBITDA and P/E. We believe multiple expansion is possible as visibility improves. Key risks include regulatory uncertainty, execution risk, supply chain constraints. We stress test scenarios under different cost structures. Deltabyte Energy operates within the Financials sector. Our channel checks suggest demand trends that are solid. This analysis synthesizes public filings, management calls, and third-party data. Deltabyte Energy operates within the Financials sector. Our channel checks suggest demand trends that are solid. This analysis synthesizes public filings, management calls, and third-party data. Deltabyte Energy operates within the Financials sector. Our channel checks suggest demand trends that are solid. This analysis synthesizes public filings, management calls, and third-party data. Deltabyte Energy operates within the Financials sector. Our channel checks suggest demand trends that are solid. This analysis synthesizes public filings, management calls, and third-party data. Deltabyte Energy operates within the Financials sector. Our channel checks suggest demand trends that are solid. This analysis synthesizes public filings, management calls, and third-party data. Deltabyte Energy operates within the Financials sector. Our channel checks suggest demand trends that are solid. This analysis synthesizes public filings, management calls, and third-party data. Deltabyte Energy operates within the Financials sector. Our channel checks suggest demand trends that are solid. This analysis synthesizes public filings, management calls, and third-party data. Deltabyte Energy operates within the Financials sector. Our channel checks suggest demand trends that are solid. This analysis synthesizes public filings, management calls, and third-party data. Deltabyte Energy operates within the Financials sector. Our channel checks suggest demand trends that are solid. This analysis synthesizes public filings, management calls, and third-party data. Deltabyte Energy operates within the Financials sector. Our channel checks suggest demand trends that are solid. This analysis synthesizes public filings, management calls, and third-party data. This note is intended for institutional investors only. It is not investment advice. Past performance is not indicative of future results. Please see important disclosures and analyst certifications at the end of this report."
4,10,398,VWX,BUY,3,We maintain BUY on Deltabyte Energy (VWX) after pricing powerr sustained. Our Financials team highlights solid execution and encouraging dem...,"We maintain BUY on Deltabyte Energy (VWX) after pricing powerr sustained. Our Financials team highlights solid execution and encouraging demand. Price target 498.78. The company expects continued growth driven by product cycles and mix. We model revenue accelerattion and margin expansion into next year. Management commentary indicates pricing power and disciplined opex. Valuation: shares trade at a discount to peers on EV/EBITDA and P/E. We believe multiple expansion is possible as visibilit improves. Key risks include regulatory uncertainty, execution risk, supply chain constraints. We stress test scenarios under different cost structures. Deltabyte Energy operates within the Financials sector. Our channel checks suggest demand trends that are solid. This analysis synthesizes public filings, management calls, and third-party data. Deltaabyte Energy operates within the Financials sector. Our channel checks suggest demand trends that are solid. This analysis synthesizes public filings, management calls, and third-party data. Deltabyte Energy operates within the Financials sector. Our channel checks suggest demand trends that are solid. This analysis synthesizes public filings, management calls, and third-party data. Deltabyte Energy operates withn the Financials sector. Our channel checks suggest demand trends thhat are solid. This analysis synthesizes public filings, management calls, and thrd-party data. Deltabyte Energy operates within the Financials sector. Our channel checks suggest demand trends that are solid. This analysis synthesizes public filings, management calls, and third-party data. Deltabyte Energy operates within the Financials sector. Our channel checks suggest demand trends that are solid. This analysis synthesizes public filings, anagement calls, and third-party data. Deltabyte Energy operates within the Financials sector. Our channel checks suggest demand trends that are solid. This analysis synthesizes public filings, management calls, and third-party data. Deltabyte Energy operates within the Financials sector. Our channel checks suggest demand trends that are solid. This analysis synthesizes public filings, management calls, and third-party data. Deltabyte Energy operates within the Financials sector. Our channel checks suggest demand trends that are solid. This analysis synthesizes public filings, management calls, and third-party data. Deltabyte Energy operates within the Financials sector. Our channel checks suggest demand trends that are solid. This analysis synthesizes public filings, management calls, and third-party data. This note is intended for institutional investors only. It is not investment advice. Past performance is not indicative of future results. lease see important disclosures and analyst certifications at the end of this report."
4,11,397,VWX,BUY,3,We see multiple expansion is possible as visibility improves. Deltabyte Energy operates within the Financials sector. Our channel checks sug...,"We see multiple expansion is possible as visibility improves. Deltabyte Energy operates within the Financials sector. Our channel checks suggest demand trends that are solid. Our channel checks suggest demand trends that are solid. This analysis synthesizes public filings, management calls, and third-party data. This analysis synthesizes public filings, management calls, and third-party data. Deltabyte Energy operates within the Financials sector. Key risks include regulatory uncertainty, execution risk, supply chain constraints. Our channel checks suggest demand trends that are solid. This analysis synthesizes public filings, management calls, and third-party data. The issuer anticipates continued expansion driven by product cycles and mix. Deltabyte Energy operates within the Financials sector. Deltabyte Energy operates within the Financials sector. We maintain BUY on Deltabyte Energy (VWX) after pricing power sustained. Our channel checks suggest demand trends that are solid. Deltabyte Energy operates within the Financials sector. This analysis synthesizes public filings, management calls, and third-party data. Please see important disclosures and analyst certifications at the end of this report. Management commentary indicates pricing power and disciplined opex. PT 498.78. This analysis synthesizes public filings, management calls, and third-party data. Our channel checks suggest demand trends that are solid. Our channel checks suggest demand trends that are solid. This analysis synthesizes public filings, management calls, and third-party data. We forecast revenue acceleration and spread expansion into next year. Valuation: shares trade at a discount to peers on EV/EBITDA and P/E. Our channel checks suggest demand trends that are solid. Our Financials team highlights solid execution and encouraging demand. Our channel checks suggest demand trends that are solid. Deltabyte Energy operates within the Financials sector. Deltabyte Energy operates within the Financials sector. This analysis synthesizes public filings, management calls, and third-party data. This analysis synthesizes public filings, management calls, and third-party data. Deltabyte Energy operates within the Financials sector. This analysis synthesizes public filings, management calls, and third-party data. This note is intended for institutional investors only. Our channel checks suggest demand trends that are solid. Past performance is not indicative of future results. It is not investment advice. Our channel checks suggest demand trends that are solid. Deltabyte Energy operates within the Financials sector. This analysis synthesizes public filings, management calls, and third-party data. We stress test scenarios under different cost structures. Deltabyte Energy operates within the Financials sector."
5,12,397,CDE,BUY,4,We maintain BUY on Equinox Consumer (CDE) after cost optimization program. Our Healthcare team highlights encouraging execution and solid de...,"We maintain BUY on Equinox Consumer (CDE) after cost optimization program. Our Healthcare team highlights encouraging execution and solid demand. Price target 399.32. The company expects continued growth driven by product cycles and mix. We model revenue acceleration and margin expansion into next year. Management commentary indicates pricing power and disciplined opex. Valuation: shares trade at a discount to peers on EV/EBITDA and P/E. We believe multiple expansion is possible as visibility improves. Key risks include FX volatility, competitive intensity, commodity prices. We stress test scenarios under different cost structures. Equinox Consumer operates within the Healthcare sector. Our channel checks suggest demand trends that are encouraging. This analysis synthesizes public filings, management calls, and third-party data. Equinox Consumer operates within the Healthcare sector. Our channel checks suggest demand trends that are encouraging. This analysis synthesizes public filings, management calls, and third-party data. Equinox Consumer operates within the Healthcare sector. Our channel checks suggest demand trends that are encouraging. This analysis synthesizes public filings, management calls, and third-party data. Equinox Consumer operates within the Healthcare sector. Our channel checks suggest demand trends that are encouraging. This analysis synthesizes public filings, management calls, and third-party data. Equinox Consumer operates within the Healthcare sector. Our channel checks suggest demand trends that are encouraging. This analysis synthesizes public filings, management calls, and third-party data. Equinox Consumer operates within the Healthcare sector. Our channel checks suggest demand trends that are encouraging. This analysis synthesizes public filings, management calls, and third-party data. Equinox Consumer operates within the Healthcare sector. Our channel checks suggest demand trends that are encouraging. This analysis synthesizes public filings, management calls, and third-party data. Equinox Consumer operates within the Healthcare sector. Our channel checks suggest demand trends that are encouraging. This analysis synthesizes public filings, management calls, and third-party data. Equinox Consumer operates within the Healthcare sector. Our channel checks suggest demand trends that are encouraging. This analysis synthesizes public filings, management calls, and third-party data. Equinox Consumer operates within the Healthcare sector. Our channel checks suggest demand trends that are encouraging. This analysis synthesizes public filings, management calls, and third-party data. This note is intended for institutional investors only. It is not investment advice. Past performance is not indicative of future results. Please see important disclosures and analyst certifications at the end of this report."
5,13,397,CDE,BUY,4,We maintain BUY on Equinox Consumer (CDE) after cost optimization program. Our Healthcare team highlights encouraging execution and solid de...,"We maintain BUY on Equinox Consumer (CDE) after cost optimization program. Our Healthcare team highlights encouraging execution and solid demand. Price target 399.32. The firm anticipates continued uptick driven by product cycles and mix. We model revenue acceleration and spread expansion into next year. Management commentary indicates pricing power and disciplined opex. Valuation: shares trade at a discount to peers on EV/EBITDA and P/E. We see multiple expansion is possible as visibility improves. Key risks include FX volatility, competitive intensity, commodity prices. We stress test scenarios under different cost structures. Equinox Consumer operates within the Healthcare sector. Our channel checks suggest demand trends that are encouraging. This analysis synthesizes public filings, management calls, and third-party data. Equinox Consumer operates within the Healthcare sector. Our channel checks suggest demand trends that are encouraging. This analysis synthesizes public filings, management calls, and third-party data. Equinox Consumer operates within the Healthcare sector. Our channel checks suggest demand trends that are encouraging. This analysis synthesizes public filings, management calls, and third-party data. Equinox Consumer operates within the Healthcare sector. Our channel checks suggest demand trends that are encouraging. This analysis synthesizes public filings, management calls, and third-party data. Equinox Consumer operates within the Healthcare sector. Our channel checks suggest demand trends that are encouraging. This analysis synthesizes public filings, management calls, and third-party data. Equinox Consumer operates within the Healthcare sector. Our channel checks suggest demand trends that are encouraging. This analysis synthesizes public filings, management calls, and third-party data. Equinox Consumer operates within the Healthcare sector. Our channel checks suggest demand trends that are encouraging. This analysis synthesizes public filings, management calls, and third-party data. Equinox Consumer operates within the Healthcare sector. Our channel checks suggest demand trends that are encouraging. This analysis synthesizes public filings, management calls, and third-party data. Equinox Consumer operates within the Healthcare sector. Our channel checks suggest demand trends that are encouraging. This analysis synthesizes public filings, management calls, and third-party data. Equinox Consumer operates within the Healthcare sector. Our channel checks suggest demand trends that are encouraging. This analysis synthesizes public filings, management calls, and third-party data. This note is intended for institutional investors only. It is not investment advice. Past performance is not indicative of future results. Please see important disclosures and analyst certifications at the end of this report."
5,14,396,CDE,BUY,4,Equinox Consumer operates within the Healthcare sector. Our Healthcare team highlights encouraging execution and solid demand. Equinox Consu...,"Equinox Consumer operates within the Healthcare sector. Our Healthcare team highlights encouraging execution and solid demand. Equinox Consumer operates within the Healthcare sector. Management commentary indicates pricing power and disciplined opex. Past performance is not indicative of future results. Equinox Consumer operates within the Healthcare sector. Equinox Consumer operates within the Healthcare sector. This note is intended for institutional investors only. Key risks include FX volatility, competitive intensity, commodity prices. This analysis synthesizes public filings, management calls, and third-party data. Equinox Consumer operates within the Healthcare sector. Our channel checks suggest demand trends that are encouraging. Equinox Consumer operates within the Healthcare sector. Our channel checks suggest demand trends that are encouraging. This analysis synthesizes public filings, management calls, and third-party data. It is not investment advice. Our channel checks suggest demand trends that are encouraging. This analysis synthesizes public filings, management calls, and third-party data. We maintain BUY on Equinox Consumer (CDE) after cost optimization program. Our channel checks suggest demand trends that are encouraging. PT 399.32. This analysis synthesizes public filings, management calls, and third-party data. We stress test scenarios under different cost structures. Equinox Consumer operates within the Healthcare sector. We forecast revenue acceleration and spread expansion into next year. Our channel checks suggest demand trends that are encouraging. This analysis synthesizes public filings, management calls, and third-party data. This analysis synthesizes public filings, management calls, and third-party data. Our channel checks suggest demand trends that are encouraging. Equinox Consumer operates within the Healthcare sector. Our channel checks suggest demand trends that are encouraging. Equinox Consumer operates within the Healthcare sector. We think multiple expansion is possible as visibility improves. Our channel checks suggest demand trends that are encouraging. Equinox Consumer operates within the Healthcare sector. Our channel checks suggest demand trends that are encouraging. This analysis synthesizes public filings, management calls, and third-party data. The issuer foresees continued increase driven by product cycles and mix. This analysis synthesizes public filings, management calls, and third-party data. This analysis synthesizes public filings, management calls, and third-party data. This analysis synthesizes public filings, management calls, and third-party data. Valuation: shares trade at a discount to peers on EV/EBITDA and P/E. Our channel checks suggest demand trends that are encouraging. Please see important disclosures and analyst certifications at the end of this report."
6,15,370,JKL,SELL,5,We maintain SELL on Ferrovia Industries (JKL) after major customer win. Our Industrials team highlights solid execution and muted demand. Pr...,"We maintain SELL on Ferrovia Industries (JKL) after major customer win. Our Industrials team highlights solid execution and muted demand. Price target 468.2. The company expects continued growth driven by product cycles and mix. We model revenue acceleration and margin expansion into next year. Management commentary indicates pricing power and disciplined opex. Valuation: shares trade at a discount to peers on EV/EBITDA and P/E. We believe multiple expansion is possible as visibility improves. Key risks include FX volatility, competitive intensity, regulatory uncertainty. We stress test scenarios under different cost structures. Ferrovia Industries operates within the Industrials sector. Our channel checks suggest demand trends that are solid. This analysis synthesizes public filings, management calls, and third-party data. Ferrovia Industries operates within the Industrials sector. Our channel checks suggest demand trends that are solid. This analysis synthesizes public filings, management calls, and third-party data. Ferrovia Industries operates within the Industrials sector. Our channel checks suggest demand trends that are solid. This analysis synthesizes public filings, management calls, and third-party data. Ferrovia Industries operates within the Industrials sector. Our channel checks suggest demand trends that are solid. This analysis synthesizes public filings, management calls, and third-party data. Ferrovia Industries operates within the Industrials sector. Our channel checks suggest demand trends that are solid. This analysis synthesizes public filings, management calls, and third-party data. Ferrovia Industries operates within the Industrials sector. Our channel checks suggest demand trends that are solid. This analysis synthesizes public filings, management calls, and third-party data. Ferrovia Industries operates within the Industrials sector. Our channel checks suggest demand trends that are solid. This analysis synthesizes public filings, management calls, and third-party data. Ferrovia Industries operates within the Industrials sector. Our channel checks suggest demand trends that are solid. This analysis synthesizes public filings, management calls, and third-party data. Ferrovia Industries operates within the Industrials sector. Our channel checks suggest demand trends that are solid. This analysis synthesizes public filings, management calls, and third-party data. This note is intended for institutional investors only. It is not investment advice. Past performance is not indicative of future results. Please see important disclosures and analyst certifications at the end of this report."
6,16,369,JKL,SELL,5,Please see important dsclosures and analyst certifications at the end of this report. Ferrovia Industries operates within the Industrials se...,"Please see important dsclosures and analyst certifications at the end of this report. Ferrovia Industries operates within the Industrials sector. We forecast revenue acceleration and margin expansion into next year. This analyssis synthesizes public filings, management calls, and third-party data. Ferrovia Industries operates within the Industrials sector. Our channel checks suggest demand trends that are solid. This analysis synthesizes public filings, management calls, and third-party data. This note is intended for institutional investors only. Our channel checks suggest demand trends that are sold. We stress test scenarios under different cost structures. This analysis synthesizes public filings, management calls, and third-party data. Our channel checks suggest demand trends that are solid. The company expects continued growth driven by prodduct cycles and mix. We maintain SELL on Ferrovia Industries (JKL) after major customer win. Valuation: shares trade at a discount to peers on EV/EBITDA and P/E. This analysis synthesizes public filings, management calls, and third-party data. Our channel checks suggest demand trends that are solid. This analysis synthesizes pblic filings, management calls, and hird-party data. Our channel checks suggest demand trends that are solid. ur channel checks suggest demand trends that are solid. Ferrovia Industres operates within the Industrials sector. Key risks include FX volatility, competitive intensity, regulatory uncertainty. This analysis synthesizes public filings, management calls, and third-party data. Ferrovia Industries operates within the Industrials sector. Our Industrials team highlights solid execution and muted demand. Ferrovia Industries operates within the Industrials sector. Ferrovia Industries operates within the Industrials sector. Our channel checks suggest demand trends that are solid. Ferrovia Industries operates within the Industrials sector. It is not investment advice. We believe multiple expansion is possible as visibility improves. Ferrovia Industries operates within the Industrials sector. PT 468.2. Our channel checks suggest demand trends that are solid. This analysis synthesizes public filings, management calls, and third-party data. Past performance is not indicative of future results. Our channel checks suggest demand trends that are solid. This analysis synthesizes public filings, management calls, and third-party data. Management commentary indicates pricing power and disciplined opex. Ferrovia Industries operates within the Industrials sector. This analysis synthesizes public filings, management calls, and third-party data."
6,17,369,JKL,SELL,5,We maintain SELL on Ferrovia Industries (JKL) after major customer win. Our Industrials team highlights solid execution and muted demand. PT...,"We maintain SELL on Ferrovia Industries (JKL) after major customer win. Our Industrials team highlights solid execution and muted demand. PT 468.2. The business foresees continued uptick driven by product cycles and mix. We forecast revenue acceleration and spread expansion into next year. Management commentary indicates pricing power and disciplined opex. Valuation: shares trade at a discount to peers on EV/EBITDA and P/E. We think multiple expansion is possible as visibility improves. Key risks include FX volatility, competitive intensity, regulatory uncertainty. We stress test scenarios under different cost structures. Ferrovia Industries operates within the Industrials sector. Our channel checks suggest demand trends that are solid. This analysis synthesizes public filings, management calls, and third-party data. Ferrovia Industries operates within the Industrials sector. Our channel checks suggest demand trends that are solid. This analysis synthesizes public filings, management calls, and third-party data. Ferrovia Industries operates within the Industrials sector. Our channel checks suggest demand trends that are solid. This analysis synthesizes public filings, management calls, and third-party data. Ferrovia Industries operates within the Industrials sector. Our channel checks suggest demand trends that are solid. This analysis synthesizes public filings, management calls, and third-party data. Ferrovia Industries operates within the Industrials sector. Our channel checks suggest demand trends that are solid. This analysis synthesizes public filings, management calls, and third-party data. Ferrovia Industries operates within the Industrials sector. Our channel checks suggest demand trends that are solid. This analysis synthesizes public filings, management calls, and third-party data. Ferrovia Industries operates within the Industrials sector. Our channel checks suggest demand trends that are solid. This analysis synthesizes public filings, management calls, and third-party data. Ferrovia Industries operates within the Industrials sector. Our channel checks suggest demand trends that are solid. This analysis synthesizes public filings, management calls, and third-party data. Ferrovia Industries operates within the Industrials sector. Our channel checks suggest demand trends that are solid. This analysis synthesizes public filings, management calls, and third-party data. This note is intended for institutional investors only. It is not investment advice. Past performance is not indicative of future results. Please see important disclosures and analyst certifications at the end of this report."
